temperature,internal energy,partition function,free energy,chemical entropy,q variance 1,q variance 2,q variance 3,q variance 4,q variance 5,q variance 6,q avg 1,q avg 2,q avg 3,q avg 4,q avg 5,q avg 6,q square avg 1,q square avg 2,q square avg 3,q square avg 4,q square avg 5,q square avg 6,state 1 pop,state 2 pop,state 3 pop,state 4 pop,state 5 pop,state 6 pop
10000.0,5.210002203660796,2905.0635114762463,-6.8716429638452965,0.0012081645167506092,5.813186689338167,5.4679940545772565,4.510949750083212,3.919206082509612,2.379220571074936,2.326835610233483,0.0,0.0,-3.983268482500623e-06,3.426148879637559e-07,1.9179544943214066e-06,0.0,5.813186689338167,5.4679940545772565,4.510949750099078,3.9192060825097292,2.3792205710786143,2.326835610233483,1.0475102540366745e-05,2.3701828598629222e-07,3.2336810007784034e-08,2.3048369426319422e-08,2.0398950575983834e-08,0.9999892120950437
9678.355969932576,5.044974081017329,2383.9176064995936,-6.485727275238706,0.001191390499799561,5.627148798178659,5.2931187404830435,4.367069083587428,3.7945417115868647,2.3050049482286097,2.2543580478003475,-5.914239380079128e-14,2.3586837657496972e-11,-2.8872185071868385e-06,1.6428146729149102e-07,1.358444940121942e-06,-3.67091632602263e-12,5.627148798178659,5.2931187404830435,4.367069083595765,3.794541711586892,2.305004948230455,2.2543580478003475,7.3772924852209784e-06,1.391580368589934e-07,1.846959278141579e-08,1.4663585180364289e-08,1.2307526210575802e-08,0.9999924381087738
9183.68496282225,4.791364175456597,1735.4299726244662,-5.9029768999992625,0.0011644934597331144,5.341097092636574,5.0242382213893295,4.14587181553089,3.602911586409172,2.1910238854917874,2.143053453128031,-1.9821129089039453e-13,7.525841282035361e-11,-1.7096728615930876e-06,-1.1621373650945743e-08,7.835357962273875e-07,-1.0077097449656942e-11,5.341097092636574,5.0242382213893295,4.145871815533813,3.602911586409172,2.191023885492401,2.143053453128031,4.1603410990791196e-06,5.7654095414826334e-08,7.323447743351789e-09,7.0133893144622195e-09,5.480832944946936e-09,0.9999957621871355
8872.028524551539,4.631714263310193,1407.9879583422655,-5.542795452271392,0.0011468075973184368,5.1609219437405,4.8548841561799065,4.0065700215447535,3.482247014682493,2.1193236167273115,2.073041859176524,-2.6639981491860795e-13,1.0780737639682258e-10,-1.1911963778432946e-06,-7.502468571439008e-08,5.511527077207344e-07,-1.5796981115063074e-11,5.1609219437405,4.8548841561799065,4.006570021546173,3.482247014682499,2.1193236167276153,2.073041859176524,2.824154103526036e-06,3.1475713874475916e-08,3.881087021355196e-09,4.336230038000554e-09,3.23125342798104e-09,0.9999971329216122
8580.830484017726,4.482645541509828,1150.177031859299,-5.211321211183891,0.0011297236055122254,4.9926099491541445,4.6966851901400215,3.8764587896585954,3.3695566034599866,2.052417295862159,2.0077152685722246,-2.865133425765317e-13,1.2222667570554104e-10,-8.302610484292862e-07,-9.994911402715762e-08,3.9087070330502616e-07,-1.8442603912355642e-11,4.9926099491541445,4.6966851901400215,3.8764587896592846,3.3695566034599964,2.0524172958623117,2.0077152685722246,1.9249564011463384e-06,1.7232698671862414e-08,2.068212876188636e-09,2.7479793360643832e-09,1.964257493471417e-09,0.9999980510304506
8199.294209932857,4.287494593985506,872.8933594465078,-4.784695905406964,0.0011064599302220623,4.772141235393083,4.489470619924694,3.706058949697237,3.2219934205768244,1.9648972724927334,1.9222681742853784,-2.669207809212029e-13,1.201702568444551e-10,-4.976259325313774e-07,-9.923271011018028e-08,2.416786701808064e-07,-1.8408183958210993e-11,4.772141235393083,4.489470619924694,3.7060589496974847,3.221993420576834,1.9648972724927918,1.9222681742853784,1.1242263270712845e-06,7.390691297688425e-09,8.607343912871155e-10,1.5441939597662992e-09,1.0337995231395723e-09,0.9999988649442537
7850.242642705351,4.109140642900957,670.2803992460006,-4.402336497464254,0.0010842310903949315,4.570509608435146,4.299968838704102,3.550252314852216,3.08709179330093,1.8849886577170982,1.8442594876233842,-2.0625939933477715e-13,1.0478593550178562e-10,-2.9726615648270416e-07,-8.216647980597946e-08,1.5020343003838627e-07,-1.6240730607543065e-11,4.570509608435146,4.299968838704102,3.550252314852304,3.0870917933009365,1.8849886577171209,1.8442594876233842,6.595912391298316e-07,3.1866582112138403e-09,3.6433139749006876e-10,1.051219332630864e-09,5.937739863093113e-10,0.999999335212778
7689.396027099508,4.027017974210703,591.0573022577237,-4.2287887973505445,0.001073661278787769,4.4776193997496225,4.212669628798855,3.478485500611114,3.0249627702667943,1.848223163948654,1.8083707481906492,-1.5568246962115996e-13,9.526364799937894e-11,-2.3017080804551436e-07,-7.226580671384802e-08,1.1914666099013646e-07,-1.485229011121296e-11,4.4776193997496225,4.212669628798855,3.478485500611167,3.0249627702667996,1.8482231639486681,1.8083707481906492,5.081997518457505e-07,2.1098961975753293e-09,2.4021985257136546e-10,1.1256734506712506e-09,4.697279756787367e-10,0.9999994878547306
7629.076340859673,3.9962320871606485,563.4315115109923,-4.164146957328109,0.0010696418124411132,4.4427886149452975,4.179935635146265,3.4515772948201815,3.001669660846931,1.8344455909584376,1.7949221873724985,-1.0163771278142277e-13,9.14801156145929e-11,-2.0815806994795125e-07,-6.83848884195261e-08,1.0912919272283639e-07,-1.429114786537379e-11,4.4427886149452975,4.179935635146265,3.451577294820225,3.001669660846936,1.8344455909584496,1.7949221873724985,4.596639756948896e-07,1.800143747365438e-09,2.048712693013223e-10,1.4416914782046409e-09,4.3252432306604987e-10,0.9999995364567935
7584.9008648756835,3.9736893910507147,543.8878501135413,-4.11696041401217,0.0010666783850174278,4.417283931802354,4.155964292406448,3.431872826904105,2.984613009645323,1.8243590805039243,1.7850767085111565,2.2854430128702443e-13,8.867039185518983e-11,-1.9171166445161805e-07,-6.519179425137051e-08,1.029650563710978e-07,-1.386572435918444e-11,4.417283931802354,4.155964292406448,3.431872826904142,2.9846130096453276,1.824359080503935,1.7850767085111565,4.266889165622475e-07,1.6001766186847423e-09,1.8214395524167808e-10,2.9923361878971826e-09,4.080943150643204e-10,0.9999995681283324
7576.1270892486045,3.9692110127155718,540.0741389749749,-4.107604208063943,0.0010660876098873057,4.412225676539645,4.151203475185094,3.427959486540886,2.981225580638308,1.8223561449757277,1.7831216525571891,8.143221089879943e-13,8.812476928551096e-11,-1.8670801352093524e-07,-6.410168854409674e-08,1.0270103401267764e-07,-1.3776835697264432e-11,4.412225676539645,4.151203475185094,3.4279594865409204,2.981225580638312,1.8223561449757384,1.7831216525571891,4.20387040024213e-07,1.5629524213987648e-09,1.779214882633303e-10,5.0177469837659306e-09,4.035112451721942e-10,0.9999995724508277
7569.421667107226,3.9657654021726882,537.1744961888596,-4.1004571600560435,0.0010656326093287079,4.408465728454108,4.1475651056103775,3.4249687665213404,2.978636769240397,1.820825471487368,1.7816275725941415,4.596931027702535e-12,8.781788500086696e-11,-1.7315217124960158e-07,-6.084657767617163e-08,1.0734819728611615e-07,-1.3705692879079271e-11,4.408465728454108,4.1475651056103775,3.4249687665213706,2.9786367692404006,1.8208254714873795,1.7816275725941415,4.156247516483122e-07,1.5350364883008879e-09,1.7475660947471156e-10,1.5656556127515867e-08,4.0006716873115426e-10,0.9999995666088319
7568.082006775287,3.9650213726430317,536.59674320071,-4.099029638687699,0.0010655343063290582,4.4079692900930825,4.146838309402757,3.4243713047702635,2.9781195687373914,1.820519673363676,1.7813290848619914,9.564457973998019e-12,8.790442527048903e-11,-1.5861037908048138e-07,-5.725638377436165e-08,1.1414645430648277e-07,-1.3696366195260676e-11,4.4079692900930825,4.146838309402757,3.424371304770289,2.9781195687373945,1.820519673363689,1.7813290848619914,4.1467886752902605e-07,1.5295138777147516e-09,1.7413067646432147e-10,2.8810654235004736e-08,3.9938511996145765e-10,0.9999995544074485
7566.742820554134,3.9633609598743127,536.0197501099799,-4.097602791006224,0.0010653148840983353,4.41166402121159,4.146112440732416,3.4237743371796476,2.977602597441298,1.820214005710976,1.7810307201219353,3.959298030850283e-11,8.902943644074601e-11,-6.57923706623948e-08,-3.422096591633022e-08,1.597462416218154e-07,-1.3758156560609533e-11,4.41166402121159,4.146112440732416,3.423774337179652,2.977602597441299,1.8202140057110014,1.7810307201219353,4.1373513403163237e-07,1.524011181834327e-09,1.7350705814640453e-10,1.1489348019866559e-07,3.987052860706588e-10,0.9999994692751623
7566.45016027245,3.960623246062187,535.8937784141328,-4.097291054527973,0.0010649530664852767,4.4233251361964925,4.145954725257785,3.4236442622068806,2.977489681486766,1.8201472331884494,1.7809655367235893,7.194556631111084e-11,9.072343975660648e-11,6.130442342328439e-08,-2.652127833448896e-09,2.226508169000215e-07,-1.388882832360898e-11,4.4233251361964925,4.145954725257785,3.423644262206884,2.977489681486766,1.820147233188499,1.7809655367235893,4.1352909870031793e-07,1.5228108942534376e-09,1.73371037599745e-10,2.332150987911771e-07,3.9855694457118234e-10,0.9999993511610635
7566.157522628441,3.9161722293632386,535.7682200302511,-4.096979809113793,0.0010590781403257525,4.625576058926822,4.145803509335712,3.423516924767529,2.9773772051599545,1.820080653990587,1.7809004976198428,8.433226585832463e-11,1.0285463818964899e-10,9.476648666893149e-07,2.1753835893826774e-07,6.618361703340341e-07,-1.4945968233230863e-11,4.625576058926822,4.145803509335712,3.423516924768427,2.977377205160002,1.820080653991025,1.7809004976198428,4.1332287496206335e-07,1.5216104832260263e-09,1.732350052312118e-10,1.0588602843701255e-06,3.984084281928943e-10,0.9999985257235866
7566.098309130345,3.8121234550184084,535.7432824805489,-4.096917397623149,0.0010453262077096419,5.100771340998776,4.14578088002082,3.423494509009181,2.977354975433703,1.8200674130390482,1.7808875080718394,-3.0350405820567447e-10,1.181917366728244e-10,2.059668961683863e-06,4.937904902183851e-07,1.2129000903769667e-06,-1.633946937645627e-11,5.100771340998776,4.14578088002082,3.4234945090134232,2.977354975433947,1.8200674130405192,1.7808875080718394,4.132807984692092e-07,1.5213663700839684e-09,1.7320734159962048e-10,2.0947666734176833e-06,3.9837804228644336e-10,0.9999974898595765
7566.039096559063,2.5705001815745936,535.7208687620989,-4.096858057293775,0.0008812217533875283,10.772878544546474,4.145801433459223,3.4234902497235047,2.977335613906806,1.8200554237776922,1.780875443358917,-8.05141593553121e-09,2.0353943996618063e-10,8.226080583117641e-06,2.025705774479132e-06,4.2687425560246886e-06,-2.4273702647426855e-11,10.772878544546474,4.145801433459223,3.4234902497911732,2.9773356139109093,1.8200554237959143,1.780875443358917,4.1323678055356407e-07,1.5211151341096895e-09,1.731788671248677e-10,7.839221727258333e-06,3.98345785170849e-10,0.9999917454488525
7566.02561518049,0.2290537981021612,535.7184324409095,-4.096847792309809,0.0005717534952211201,21.469370509162626,4.14585176346901,3.4235084739121535,2.9773342374991714,1.8200540170646515,1.780873673784068,-2.482366372120299e-08,2.970502688710123e-10,1.4973391360771727e-05,3.70193692973218e-06,7.612443411082312e-06,-3.3066019062600975e-11,21.469370509162626,4.14585176346901,3.423508474136356,2.9773342375128755,1.8200540171226007,1.780873673784068,4.1322470228567377e-07,1.5210503671421167e-09,1.7317152273015023e-10,1.412481768113765e-05,3.9833645870849426e-10,0.9999854598650583
7566.012133849957,-15.565684509239153,535.7254195300517,-4.096848995927417,-0.001515836256989431,93.62421327269722,4.146063406286531,3.4235945224132105,2.977343574363525,1.820057285070947,1.780875357351196,-1.4681002637237823e-07,6.524037103634303e-10,4.060236269172165e-05,1.0068936298795703e-05,2.031310230053738e-05,-6.679308175416464e-11,93.62421327269725,4.146063406286531,3.4235945240617625,2.9773435744649084,1.8200572854835693,1.780875357351196,4.132053559797575e-07,1.520958848870859e-09,1.7316113270442735e-10,3.799997600604843e-05,3.983201260156647e-10,0.9999615847261979
7566.007848357132,-43.37215265378169,535.737818772674,-4.096861765357536,-0.005191019052002743,220.65134352716825,4.146304907707323,3.4236951273399425,2.977358113037817,1.8200633724324955,1.7808796220689789,-3.689542877285473e-07,1.0481082175917362e-09,6.914230424366335e-05,1.7159110842334165e-05,3.445628656699084e-05,-1.0467784161190851e-10,220.6513435271684,4.146304907707323,3.4236951321206006,2.977358113332252,1.8200633736197311,1.7808796220689789,4.1319135617978455e-07,1.5209008626499234e-09,1.7315454029767842e-10,6.458687979317117e-05,3.983073669454841e-10,0.999934997836488
7566.003562869163,-184.95653789429312,535.7807008535913,-4.096911629829315,-0.023904248096319775,867.4429005778264,4.147068123361154,3.424015075400433,2.977407299521525,1.82008457529592,1.7808950558422454,-1.5249095967646216e-06,2.289895151741067e-09,0.00015874901385056901,3.942010244010571e-05,7.886150759844788e-05,-2.2500301965398108e-10,867.4429005778287,4.147068123361154,3.4240151006016823,2.9774073010754694,1.8200845815150575,1.7808950558422454,4.1315384966287793e-07,1.5207563522519245e-09,1.7313809711412512e-10,0.0001480615966816337,3.9827194783829433e-10,0.9998515231573024
7566.001494554947,-565.6450303876552,535.8542668845994,-4.097000025671252,-0.07421992062334581,2606.515415816415,4.14834110770653,3.4245497947457197,2.9774911145136276,1.8201210107708867,1.7809218743814677,-4.673959113055442e-06,4.354523455507215e-09,0.00030788332531361134,7.646954102322896e-05,0.0001527659717622854,-4.2862657022617224e-10,2606.515415816437,4.14834110770653,3.424549889537862,2.9774911203612184,1.820121034108329,1.7809218743814677,4.1309498816904664e-07,1.5205365775883434e-09,1.731130802698602e-10,0.0002869902497738395,3.982155618894758e-10,0.9997125945633728
7565.999426241862,-4307.280380862265,536.2175814904435,-4.097440809919119,-0.5687527446971797,19699.13189208461,4.1545672375293,3.4271661941402223,2.9779038269079114,1.8203007678118726,1.7810547953793547,-3.595309942415061e-05,1.4415128550684857e-08,0.0010367806546666299,0.00025754953891614775,0.0005139754514249688,-1.4654691532983137e-09,19699.1318920859,4.1545672375293,3.427167269054348,2.9779038932396764,1.8203010319826372,1.7810547953793547,4.1281295614388705e-07,1.5194953504713258e-09,1.7299454106511133e-10,0.0009660069806570674,3.9794404358360385e-10,0.9990335781159528
7565.998959881132,-9837.813773525002,536.5495929206921,-4.097844125368565,-1.2997247265751843,44963.810740679124,4.160239882339457,3.429549372508441,2.978280287291379,1.8204646180850066,1.7811762613830426,-8.237160988148969e-05,2.354496595415637e-08,0.0017007868884893577,0.0004225086495857336,0.0008430276505949739,-2.4563666464191654e-09,44963.81074068591,4.160239882339458,3.429552265184481,2.978280465804938,1.8204653287806263,1.7811762613830426,4.1255702963684453e-07,1.5185526265318522e-09,1.7288721296066138e-10,0.0015845732211366077,3.976974151893876e-10,0.9984150121326965
7565.99849352046,-34024.42767858181,537.4906306861358,-4.098986371581401,-4.49647574227583,155453.474144756,4.17627441191376,3.436281115837178,2.9793443994751274,1.8209267694083755,1.7815200346454199,-0.00028583183636303385,4.9207925151654915e-08,0.0035776223420761716,0.0008887710151557949,0.0017731043612707244,-5.443210352045077e-09,155453.4741448377,4.176274411913763,3.436293915218801,2.979345189389045,1.8209299133074515,1.7815200346454199,4.1183424422259575e-07,1.5158914756058253e-09,1.725842419454358e-10,0.0033329709198053675,3.9700074317557037e-10,0.9966666151604741
7565.99820384881,-121452.62827251763,539.5515145243794,-4.101481329055762,-16.05188416901922,554844.2077681625,4.211190508496374,3.4509153943843343,2.981660272756595,1.8219272810003326,1.7822698046103127,-0.0010224911817971504,1.0450673838889485e-07,0.00766441918018819,0.0019040542687532968,0.003798340028827726,-1.2701905003359572e-08,554844.207769208,4.211190508496385,3.4509741377057037,2.9816638981792534,1.8219417083873073,1.782269804610313,4.1026089456758204e-07,1.5100998111968646e-09,1.7192486158807283e-10,0.007140095198474167,3.9548411206494635e-10,0.9928594924631226
7565.997987143211,-672775.7068360718,546.541186783827,-4.1098732027670435,-88.92040390522175,3073405.4814920444,4.327650108674716,3.4994834672610367,2.98936971468499,1.8252051193622185,1.784778473300686,-0.005673291679473674,2.845878809015121e-07,0.02129498039265703,0.005290295687527707,0.010553042440258818,-4.254766331848095e-08,3073405.4815242304,4.3276501086747965,3.4999369434509604,2.989397701913451,1.8253164860669644,1.7847784733006877,4.050138803486403e-07,1.490786134115499e-09,1.6972599993908723e-10,0.019837873132860027,3.904261213785173e-10,0.9801617198023215
7565.997908393233,-2021792.2630260433,556.9221129720013,-4.122140774585733,-267.2202881053439,9235999.868358847,4.495227275187027,3.5687134182558333,3.0004222405593595,1.829761358872246,1.7884048442098375,-0.01705933854787717,5.343733839578477e-07,0.04090721239404347,0.010162564072411224,0.020271995589090402,-9.754820609094979e-08,9235999.868649868,4.495227275187313,3.5703868182816847,3.000525518267885,1.83017231267741,1.788404844209847,3.9746441737404276e-07,1.462997750856077e-09,1.6656229269649303e-10,0.03810797653659841,3.8314858740171474e-10,0.9618916239862755
7565.9978296432555,-14760736.466287956,609.5568427749614,-4.181019619392365,-1950.9300184354295,67430200.47695439,5.257177478594675,3.873745153262788,3.0500702494981016,1.8480931420530238,1.80508996257933,-0.12462210742959767,1.5590987224185504e-06,0.1300673685732433,0.03231262862943202,0.06445581757292272,-4.908993413064867e-07,67430200.49248506,5.257177478597106,3.890662673630356,3.0511143554670452,1.8522476944720176,1.8050899625795709,3.631436216397885e-07,1.3366687357172534e-09,1.5217973458048221e-10,0.12116661373359387,3.500639662331956e-10,0.878833021283872
7565.997812432184,-31484881.24936555,657.4502582369121,-4.230333905585062,-4161.364806013661,143829640.83543533,5.8446037489196,4.098009534383565,3.0876686848054384,1.8595584908906366,1.818158703865473,-0.26585597151124885,2.2330860312124868e-06,0.1987909131262272,0.04938562379089569,0.0985121607535627,-9.438838574544694e-07,143829640.90611473,5.844603748924587,4.137527361525124,3.090107624642654,1.8692631367069723,1.8181587038663638,3.3668960831959473e-07,1.239296076243446e-09,1.4109385740136416e-10,0.18518718315614421,3.245627722189724e-10,0.8148124784492947
7565.997795221112,-91700902.2503748,794.7854845568642,-4.354017922940304,-12120.132780672711,418909191.1214035,7.136910835651247,4.557988462661966,3.1683054000417847,1.876613019526039,1.847605983458492,-0.7744177544276097,3.3221132531336796e-06,0.3499296941936152,0.0869330407536779,0.17340984465454876,-2.448494921822479e-06,418909191.7211264,7.136910835662284,4.680439253540403,3.175862753616465,1.9066839937491538,1.8476059834644871,2.7851120169061554e-07,1.025151430377427e-09,1.1671348964664063e-10,0.325983048446865,2.6847982875717577e-10,0.6740166716315886
7565.997784851782,-235189131.664223,1085.3079268871093,-4.557142444477179,-31085.011362012698,1074393834.2105186,8.794156060395691,5.080652391312588,3.2675170183619464,1.8820673020204834,1.8873400703895347,-1.9863395259532795,3.6048350376092243e-06,0.5436091443077038,0.13504883478990673,0.26938880534286613,-5.81535937205033e-06,1074393838.1560633,8.794156060408685,5.376163293087542,3.285755206140058,1.95463763046454,1.8873400704233532,2.039574660384969e-07,7.507320518141918e-10,8.54708435962244e-11,0.5064083918447039,1.9661135878320963e-10,0.4935914031650159
7565.997777596442,-612950541.4438992,1903.6496967664439,-4.923500061292189,-81013.84041314383,2800087990.4833026,10.746891649601618,5.5993250297134,3.378268234836911,1.8649076701254754,1.9403662237103148,-5.177091513723634,4.302782959318892e-07,0.7713817165538657,0.19163437174100112,0.38226282792700433,-1.4309054917323015e-05,2800088017.285579,10.746891649601803,6.194354782346989,3.4149919672694793,2.011032539740226,1.9403662239150639,1.1628013861562704e-07,4.280070159552357e-10,4.872859848427823e-11,0.7185937713421983,1.1209197960895549e-10,0.28140611178883557
7565.997774222143,-1175868090.8307953,3400.051628325492,-5.301664186743522,-155414.8072228348,5371614574.325405,11.892853050118434,5.854111162426767,3.439952779399216,1.843114758958385,1.9816343371300953,-9.931852218697419,-7.1681544690306975e-06,0.9043298773282373,0.22466266030553542,0.44814609549752876,-2.6694899134105473e-05,5371614672.967093,11.892853050169817,6.671923689455272,3.490426090334777,2.043949681868065,1.981634337842713,6.510390809954783e-08,2.39636189562066e-10,2.7282580024783396e-11,0.8424438982228427,6.275900628141277e-11,0.15755603634357138
7565.9977717828615,-2407102339.284823,7758.637484720684,-5.839564170474664,-318147.37540929066,10996153213.27742,12.726767116990695,6.01453760170507,3.482699814707365,1.822221471543032,2.0361033615639634,-20.331729239219985,-2.6507163831293e-05,0.9993424184971943,0.24826655814827356,0.4952302182758361,-5.352874863836151e-05,10996153626.656633,12.726767117693324,7.013222871112891,3.544336098602155,2.0674744406365644,2.0361033644292905,2.8530350570873727e-08,1.0501526990829045e-10,1.1955988410685893e-11,0.9309545161241334,2.7502749141186485e-11,0.06904545520104209
7565.997770724822,-3954471802.663152,14970.896029121222,-6.268116241228584,-522663.62167011295,18064864113.75903,13.059708800284108,6.070159779602275,3.4984768063469667,1.8132236604904304,2.0892546370510487,-33.40194534149638,-5.1974376025621475e-05,1.0350485850567421,0.25713694847229207,0.5129247634610006,-8.71426845974742e-05,18064865229.448982,13.059708802985444,7.141485353030238,3.564596216616609,2.0763154734619538,2.089254644644896,1.4785798149558726e-08,5.4423957322264346e-11,6.196167505788022e-12,0.9642173135226859,1.4253245733345578e-11,0.03578267161664251
7565.997769922591,-7273034037.501629,35422.57901501375,-6.8296346396747944,-961278.9022466771,33224756958.9476,13.308995316953661,6.103424201472547,3.5081977384344736,1.8073203497523085,2.193299328165688,-61.4329761558979,-0.00010734821637963149,1.0572255649809992,0.2626461720439462,0.5239150188521556,-0.00015916133499761396,33224760732.95816,13.3089953284773,7.2211500967219395,3.5771807501238118,2.081807296731163,2.1932993534980185,6.249026821730867e-09,2.300158336677438e-11,2.618730251392693e-12,0.9848769092074829,6.023950416087856e-12,0.015123084511846055
7565.997769539153,-11871141716.3448,72466.41453808175,-7.296310002233399,-1569012.055071167,54229880909.26555,13.462777550110651,6.115620186046255,3.5118211262347216,1.8050499570021439,2.3333599166567005,-100.272001325966,-0.00018438422549565622,1.0655237972667913,0.2647074178320068,0.5280277090406448,-0.00025891893353274326,54229890963.7398,13.462777584108194,7.250961148588097,3.5818911432900102,2.0838632185168557,2.333359983695715,3.0546101605554555e-09,1.1243489944706577e-11,1.2800713229205653e-12,0.992607625452442,2.9445897218299296e-12,0.007392371477479686
7565.997769264185,-21459728698.362488,174272.67439392925,-7.868427476992477,-2836338.2259602593,98032555292.72942,13.675224000326923,6.122376200366835,3.513844570031992,1.8037684399049656,2.6231164449249746,-181.26430875824008,-0.0003452059484377255,1.0701586916162757,0.2658582711261867,0.5303255046935376,-0.00046693012018345233,98032588149.47905,13.67522411949407,7.2676158256086945,3.584525190358197,2.085013580833421,2.623116662948712,1.2701741495869495e-09,4.675290634278967e-12,5.322818356855363e-13,0.996926087924405,1.2244252292971436e-12,0.003073910798988852
7565.99776913303,-34745689821.68328,357773.33537978336,-8.337387867888916,-4592347.351078763,158725587762.9101,13.929173353003945,6.12483640726885,3.5145869280572124,1.8033000040021385,3.0237384603498167,-293.4873564146646,-0.0005681064488425663,1.0718499933582766,0.26627761841691344,0.531164951895505,-0.0007551444795528205,158725673897.73846,13.929173675748881,7.273698815530987,3.585490698126996,2.0854362101242927,3.023739030593002,6.187063820360991e-10,2.2773508293071067e-12,2.5927639044251844e-13,0.9985026864071895,5.964219189796738e-13,0.0014973129709709987
7565.997769039127,-62275997728.82098,856840.123567686,-8.906802036170783,-8231035.696937979,284489677470.12775,14.433427884670214,6.126203925045824,3.515006273230333,1.8030445177044794,3.853410906776228,-526.0286040919945,-0.001030021970605881,1.0727838606547164,0.26650791387604916,0.5316304560491052,-0.001352360017302467,284489954176.2201,14.433428945615475,7.277069136727063,3.586032741388897,2.085675459503459,3.8534127356538446,2.5834066330607594e-10,9.5090715216641e-13,1.0826077865876533e-13,0.9993747971605971,2.490357924847522e-13,0.0006252025797540358
7565.997768994006,-100453942206.9468,1754672.3657744604,-9.374137418731092,-13277025.088381603,458894174613.66406,15.124549926218615,6.126717761865064,3.5151723884333284,1.8029565900263975,5.003792154951168,-848.5074452478169,-0.0016706010840775885,1.0731240631157137,0.2665900655898754,0.5318028186312884,-0.0021805532293574788,458894894578.5487,15.124552717126598,7.278313016703042,3.5862426515045422,2.0857708279305807,5.003796909763555,1.2615269389451582e-10,4.643461751194366e-13,5.2865811736875763e-14,0.9996947014789779,1.2160894725851633e-13,0.0003052983942306622
7565.997768961842,-178386278553.5527,4151519.6810487444,-9.935623812734367,-23577363.355222628,814904050729.6215,16.53095706588674,6.127026405202429,3.515288871924803,1.8029200673714576,7.35195847838517,-1506.780292369251,-0.0029782159578926495,1.0733067365169302,0.26663061988447556,0.5319010459602422,-0.003871135113434541,814906321116.471,16.53096593565703,7.279013755855052,3.5863807593847827,2.0858387900650572,7.351973464072237,5.33194258568358e-11,1.962595541249379e-13,2.234415011013633e-14,0.9998709631847391,5.1398975692029796e-14,0.00012903676167149645
7565.997768945964,-288999504529.01263,8562575.614725115,-10.407614706539153,-38197143.76665303,1320205017702.4688,18.525449808143957,6.127179371725841,3.5153684360022366,1.8029233462308132,10.684781408311137,-2441.0980284758966,-0.004834178234017592,1.0733688160555541,0.2666391907288716,0.5319427423539212,-0.006270657553107178,1320210976662.0535,18.525473177423155,7.279299987006343,3.5864648940347843,2.0858864273738233,10.684820729457286,2.5851642750739493e-11,9.51554109603578e-14,1.0833443476269505e-14,0.9999374371798587,2.4920522605046924e-14,6.256279415856304e-05
7565.997768934904,-508781982137.0267,20004534.01097358,-10.960863640677466,-67245854.10467139,2324205438196.431,22.48749509196106,6.127333888112109,3.5154815684644802,1.8029587612833953,17.30686664479344,-4297.531349341877,-0.00852186543080755,1.0733887945360674,0.2666305403027276,0.5319743650905939,-0.011038364631906458,2324223906972.13,22.487567714151478,7.279497392347701,3.5865734134866045,2.085955486396936,17.30698849028719,1.1065323775625437e-11,4.0729536665030905e-14,4.637057722961684e-15,0.999973221126879,1.0666774794265818e-14,2.6778861999612572e-05
7565.997768929307,-826960908557.4602,41466821.49578359,-11.436119750492127,-109299650.06625299,3777683874688.034,28.222948879448456,6.127498708585251,3.5156276348168216,1.803021420269856,26.89356643367118,-6985.07591683508,-0.013860503038341562,1.0733769858317135,0.266607898239646,0.5319999604188753,-0.017940538286975234,3777732665973.598,28.22314099299293,7.2796368622984255,3.586707406220583,2.086045378155541,26.893888296585207,5.338162844994941e-12,1.964885110699193e-14,2.237021685818346e-15,0.9999870812650017,5.1458937883268045e-15,1.291872963300259e-05
7565.997768925486,-1443124452232.3635,95616206.38224345,-11.980821646391405,-190738154.60896358,6592349715371.347,39.32949521813818,6.127787592960256,3.5159013780234627,1.8031486202851104,45.45823872173121,-12189.548703066017,-0.02419885993944034,1.0733331595884597,0.26655884480208814,0.5320391400800681,-0.03130670728529508,6592498300468.931,39.330080802960545,7.279831664432401,3.5869549957656863,2.0862142668622488,45.45921883165226,2.3150536314084303e-12,8.521310688512018e-15,9.701512163739046e-16,0.9999943974050176,2.2316704168546173e-15,5.602592655692793e-06
7565.997768923492,-2361555959981.3384,200225155.40582028,-12.462705535655525,-312127498.8566225,10787690161668.195,55.88404903737285,6.128205806183523,3.5163056757064264,1.8033406104329197,73.12941552348005,-19947.047814451744,-0.03960864271412319,1.0732592706318251,0.26648360091122064,0.5320932951862496,-0.05122957907796631,10788088046384.707,55.8856178819505,7.28009126818068,3.587319185261037,2.086463885215081,73.13203999325255,1.1055386390234255e-12,4.069295887336925e-15,4.632893341405335e-16,0.999997324517606,1.0657195332012356e-15,2.675481282837515e-06
7565.997768922167,-4092561310783.8247,456901843.05226403,-13.00061200908339,-540914950.7790353,18694492376242.812,87.08376454362205,6.128987770084099,3.5170657667423377,1.8037036520343208,125.28025322353561,-34567.58703227993,-0.06865142191715824,1.073115703751713,0.2663407185647382,0.532193226055836,-0.08877816582611957,18695687294316.047,87.0884775613533,7.2805650837226334,3.5880031451079186,2.086933281894039,125.28813478626306,4.844730857860621e-13,1.783261358692584e-15,2.0302430453340983e-16,0.9999988275405619,4.670234152004516e-16,1.1724589510567083e-06
7565.997768921457,-6743215352927.313,966655362.4317338,-13.489193938654987,-891252622.438333,30801192782756.863,134.85598346421483,6.130182482515955,3.518228813581649,1.8042600376873308,205.13232846676672,-56954.87669821386,-0.11312236114874184,1.0728940641748386,0.2661214851179324,0.5323453470077385,-0.14627338371915083,30804436640736.57,134.8687801328067,7.281284155457557,3.589049458423023,2.0876516061681203,205.15372436955138,2.289923114352015e-13,8.428809616064605e-16,9.596199693356622e-17,0.9999994458222663,2.2074450465628477e-16,5.541775036482661e-07
7565.997768920994,-11630391721591.824,2190148566.9162574,-14.022442976470323,-1537192063.3326385,53120444960016.09,222.92623160553728,6.1323837009272815,3.520372555626547,1.8052860092031366,352.3432564996109,-98229.02212707239,-0.19511084840508156,1.0724845488603088,0.2657170757214762,0.532625361880358,-0.2522739769202874,53130093900804.13,222.96429984870264,7.282606808471382,3.5909781199565196,2.088975785321319,352.4068986590421,1.0106923756130889e-13,3.7201832502824076e-16,4.235428606377608e-17,0.9999997554052332,9.742894266464133e-17,2.445946652809479e-07
7565.997768920743,-19252179650521.63,4665939032.779789,-14.515553789453525,-2544565864.0807867,87921600386621.27,360.2492161501612,6.13581538940286,3.5237150073094536,1.8068858549106033,581.8809822590715,-162591.06467724967,-0.32296198743665355,1.0718455803072,0.2650863540025056,0.5330618234722657,-0.41756909373123163,87948036240934.14,360.35352059549024,7.284668337426939,3.5939857823877954,2.0910407625541803,582.055346207111,4.744096402652819e-14,1.7462195620268494e-16,1.9880709600698495e-17,0.9999998851894818,4.5732243317781405e-17,1.1481047049197563e-07
7565.997768920581,-33130527088840.98,10535947473.444122,-15.046599922549865,-4378870850.969411,151268999939201.28,610.2137304911778,6.142061711778481,3.5297990818120577,1.8097980532287086,999.7009611262811,-279764.6606470755,-0.5557199471868182,1.0706821282918697,0.2639380546864737,0.533856327074131,-0.7184952680035208,151347268204548.25,610.5225551508792,7.288421931622088,3.5994623785237376,2.09480063118579,1000.2171965764245,2.1009657305327334e-14,7.733290275788247e-17,8.804350928951974e-18,0.99999994915513,2.0252934981954127e-17,5.084484874193626e-08
7565.9977689204925,-54957961544488.375,22517093188.113583,-15.541772327083963,-7263808848.877598,250844323083568.22,1003.1311576189579,6.1518801470362074,3.5393625605696575,1.8143757389726367,1656.4691900482705,-463994.6295283208,-0.9216811633366203,1.0688527743833258,0.262132584411462,0.5351054719019557,-1.1916361600522778,251059614099799.34,1003.9806537858075,7.29432640034314,3.60807605237989,2.1007136050320514,1657.8891867862146,9.830604863366283e-15,3.618475060785671e-17,4.119633833293633e-18,0.9999999762092349,9.476527781372348e-18,2.379075536814852e-08
7565.997768920437,-93923417813096.06,50320122131.2861,-16.06605503772616,-12413883889.696358,428433699689453.06,1703.886713370317,6.169390955055823,3.5564187000189897,1.8225399043845618,2827.7941394940385,-792701.4241187642,-1.5746364834488396,1.0655887668515456,0.2589112188748603,0.5373342023980374,-2.0358236012131266,429062075237253.0,1706.366193425325,7.30487037509602,3.6234537192782557,2.111267949451297,2831.938717229295,4.39896877091011e-15,1.61918406974418e-17,1.8434410529279335e-18,0.9999999893541818,4.240527449360345e-18,1.064581390010426e-08
7565.997768920406,-157360007731350.16,109157023669.34781,-16.570942476730437,-20798315375.8962,717091951622661.9,2842.9124681547646,6.197853439778299,3.5841421719658975,1.8358101494713,4731.695255733563,-1327369.1173288557,-2.636720141344368,1.0602795827212315,0.25367140795505405,0.5409594011387278,-3.4089614834548705,718853860396300.2,2849.8647612585355,7.3220462333138085,3.648491355179797,2.128447223151671,4743.316274129242,2.0278735931314272e-15,7.464250801612e-18,8.498049489342973e-19,0.9999999950924011,1.9548339811759597e-18,4.907596759534994e-09
7565.997768920385,-270960883741455.3,246709135943.86392,-17.102587625713937,-35812974311.794235,1232592919612285.0,4877.044093369724,6.248683218425621,3.6336521912149817,1.859508847833954,8131.7812113731425,-2283377.9319841797,-4.5357713683848955,1.050786525238962,0.24430239882492394,0.5474414082901228,-5.864191032258793,1237806734392557.2,4897.617315275984,7.352835540049393,3.693335853286594,2.159200943344627,8166.169947835967,8.972373274990881e-16,3.3025749059039586e-18,3.7599815090046235e-19,0.9999999978286216,8.649207834825142e-19,2.1713774546316763e-09
